timeStamp,elapsed,label,responseCode,responseMessage,threadName,dataType,success,failureMessage,bytes,sentBytes,grpThreads,allThreads,URL,Latency,IdleTime,Connect
1681704093327,1589,Get User,200,OK,Thread Group 1-1,text,true,,997,128,1,1,https://reqres.in/api/users?id=1,1589,0,1523
1681704094925,54,Get User,200,OK,Thread Group 1-1,text,true,,993,128,1,1,https://reqres.in/api/users?id=2,54,0,0
1681704094980,51,Get User,200,OK,Thread Group 1-1,text,true,,993,128,1,1,https://reqres.in/api/users?id=3,51,0,0
1681704095032,52,Get User,200,OK,Thread Group 1-1,text,true,,985,128,1,1,https://reqres.in/api/users?id=4,51,0,0
1681704095084,305,Get User,200,OK,Thread Group 1-1,text,true,,1001,128,1,1,https://reqres.in/api/users?id=5,305,0,0
1681704095390,314,Get User,200,OK,Thread Group 1-1,text,true,,1003,128,1,1,https://reqres.in/api/users?id=6,314,0,0
1681704095704,52,Get User,200,OK,Thread Group 1-1,text,true,,997,128,1,1,https://reqres.in/api/users?id=7,52,0,0
1681704095757,51,Get User,200,OK,Thread Group 1-1,text,true,,1001,128,1,1,https://reqres.in/api/users?id=8,51,0,0
1681704095808,51,Get User,200,OK,Thread Group 1-1,text,true,,993,128,1,1,https://reqres.in/api/users?id=9,51,0,0
1681704095860,53,Get User,200,OK,Thread Group 1-1,text,true,,995,129,1,1,https://reqres.in/api/users?id=10,52,0,0
1681704095913,52,Get User,200,OK,Thread Group 1-1,text,true,,1009,129,1,1,https://reqres.in/api/users?id=11,52,0,0
1681704095965,55,Get User,200,OK,Thread Group 1-1,text,true,,1001,129,1,1,https://reqres.in/api/users?id=12,55,0,0
1681704096020,397,Get User,404,Not Found,Thread Group 1-1,text,false,,694,129,1,1,https://reqres.in/api/users?id=13,397,0,0
1681704096418,650,Get User,404,Not Found,Thread Group 1-1,text,false,,698,129,1,1,https://reqres.in/api/users?id=14,650,0,0
1681704097069,658,Get User,404,Not Found,Thread Group 1-1,text,false,,690,129,1,1,https://reqres.in/api/users?id=15,658,0,0
1681704097728,406,Get User,404,Not Found,Thread Group 1-1,text,false,,692,129,1,1,https://reqres.in/api/users?id=16,406,0,0
1681704098134,402,Get User,404,Not Found,Thread Group 1-1,text,false,,700,129,1,1,https://reqres.in/api/users?id=17,402,0,0
1681704098538,925,Get User,404,Not Found,Thread Group 1-1,text,false,,698,129,1,1,https://reqres.in/api/users?id=18,925,0,0
1681704099463,396,Get User,404,Not Found,Thread Group 1-1,text,false,,700,129,1,1,https://reqres.in/api/users?id=19,396,0,0
1681704099859,405,Get User,404,Not Found,Thread Group 1-1,text,false,,694,129,1,1,https://reqres.in/api/users?id=20,405,0,0
1681704100265,415,Get User,404,Not Found,Thread Group 1-1,text,false,,690,129,1,1,https://reqres.in/api/users?id=21,415,0,0
1681704100680,399,Get User,404,Not Found,Thread Group 1-1,text,false,,690,129,1,1,https://reqres.in/api/users?id=22,399,0,0
1681704101080,418,Get User,404,Not Found,Thread Group 1-1,text,false,,694,129,1,1,https://reqres.in/api/users?id=23,418,0,0
1681704101498,422,Get User,404,Not Found,Thread Group 1-1,text,false,,688,129,1,1,https://reqres.in/api/users?id=24,422,0,0
1681704101921,395,Get User,404,Not Found,Thread Group 1-1,text,false,,696,129,1,1,https://reqres.in/api/users?id=25,395,0,0
1681704102317,407,Get User,404,Not Found,Thread Group 1-1,text,false,,694,129,1,1,https://reqres.in/api/users?id=26,407,0,0
1681704102725,391,Get User,404,Not Found,Thread Group 1-1,text,false,,694,129,1,1,https://reqres.in/api/users?id=27,391,0,0
1681704103116,399,Get User,404,Not Found,Thread Group 1-1,text,false,,702,129,1,1,https://reqres.in/api/users?id=28,399,0,0
1681704103515,404,Get User,404,Not Found,Thread Group 1-1,text,false,,692,129,1,1,https://reqres.in/api/users?id=29,404,0,0
1681704103919,395,Get User,404,Not Found,Thread Group 1-1,text,false,,690,129,1,1,https://reqres.in/api/users?id=30,395,0,0
1681704104314,397,Get User,404,Not Found,Thread Group 1-1,text,false,,688,129,1,1,https://reqres.in/api/users?id=31,397,0,0
1681704104712,422,Get User,404,Not Found,Thread Group 1-1,text,false,,704,129,1,1,https://reqres.in/api/users?id=32,422,0,0
1681704105135,404,Get User,404,Not Found,Thread Group 1-1,text,false,,686,129,1,1,https://reqres.in/api/users?id=33,404,0,0
1681704105539,406,Get User,404,Not Found,Thread Group 1-1,text,false,,694,129,1,1,https://reqres.in/api/users?id=34,406,0,0
1681704105945,418,Get User,404,Not Found,Thread Group 1-1,text,false,,686,129,1,1,https://reqres.in/api/users?id=35,418,0,0
1681704106364,410,Get User,404,Not Found,Thread Group 1-1,text,false,,698,129,1,1,https://reqres.in/api/users?id=36,410,0,0
1681704106774,418,Get User,404,Not Found,Thread Group 1-1,text,false,,690,129,1,1,https://reqres.in/api/users?id=37,418,0,0
1681704107193,403,Get User,404,Not Found,Thread Group 1-1,text,false,,706,129,1,1,https://reqres.in/api/users?id=38,403,0,0
1681704107597,396,Get User,404,Not Found,Thread Group 1-1,text,false,,694,129,1,1,https://reqres.in/api/users?id=39,396,0,0
1681704107994,685,Get User,404,Not Found,Thread Group 1-1,text,false,,694,129,1,1,https://reqres.in/api/users?id=40,684,0,0
1681704108680,416,Get User,404,Not Found,Thread Group 1-1,text,false,,698,129,1,1,https://reqres.in/api/users?id=41,416,0,0
1681704109097,421,Get User,404,Not Found,Thread Group 1-1,text,false,,694,129,1,1,https://reqres.in/api/users?id=42,421,0,0
1681704109519,402,Get User,404,Not Found,Thread Group 1-1,text,false,,698,129,1,1,https://reqres.in/api/users?id=43,402,0,0
1681704109922,397,Get User,404,Not Found,Thread Group 1-1,text,false,,692,129,1,1,https://reqres.in/api/users?id=44,397,0,0
1681704110320,402,Get User,404,Not Found,Thread Group 1-1,text,false,,708,129,1,1,https://reqres.in/api/users?id=45,402,0,0
1681704110723,420,Get User,404,Not Found,Thread Group 1-1,text,false,,694,129,1,1,https://reqres.in/api/users?id=46,420,0,0
1681704111143,430,Get User,404,Not Found,Thread Group 1-1,text,false,,692,129,1,1,https://reqres.in/api/users?id=47,430,0,0
1681704111574,399,Get User,404,Not Found,Thread Group 1-1,text,false,,694,129,1,1,https://reqres.in/api/users?id=48,399,0,0
1681704111973,403,Get User,404,Not Found,Thread Group 1-1,text,false,,688,129,1,1,https://reqres.in/api/users?id=49,403,0,0
1681704112377,410,Get User,404,Not Found,Thread Group 1-1,text,false,,690,129,1,1,https://reqres.in/api/users?id=50,410,0,0
1681704112787,393,Get User,404,Not Found,Thread Group 1-1,text,false,,700,129,1,1,https://reqres.in/api/users?id=51,393,0,0
1681704113180,405,Get User,404,Not Found,Thread Group 1-1,text,false,,690,129,1,1,https://reqres.in/api/users?id=52,405,0,0
1681704113584,394,Get User,404,Not Found,Thread Group 1-1,text,false,,696,129,1,1,https://reqres.in/api/users?id=53,394,0,0
1681704113979,415,Get User,404,Not Found,Thread Group 1-1,text,false,,690,129,1,1,https://reqres.in/api/users?id=54,414,0,0
1681704114394,419,Get User,404,Not Found,Thread Group 1-1,text,false,,686,129,1,1,https://reqres.in/api/users?id=55,419,0,0
1681704114814,405,Get User,404,Not Found,Thread Group 1-1,text,false,,692,129,1,1,https://reqres.in/api/users?id=56,405,0,0
1681704115220,943,Get User,404,Not Found,Thread Group 1-1,text,false,,694,129,1,1,https://reqres.in/api/users?id=57,943,0,0
1681704116164,397,Get User,404,Not Found,Thread Group 1-1,text,false,,690,129,1,1,https://reqres.in/api/users?id=58,397,0,0
1681704116561,432,Get User,404,Not Found,Thread Group 1-1,text,false,,692,129,1,1,https://reqres.in/api/users?id=59,432,0,0
1681704116993,429,Get User,404,Not Found,Thread Group 1-1,text,false,,692,129,1,1,https://reqres.in/api/users?id=60,429,0,0
1681704117423,424,Get User,404,Not Found,Thread Group 1-1,text,false,,696,129,1,1,https://reqres.in/api/users?id=61,424,0,0
1681704117847,424,Get User,404,Not Found,Thread Group 1-1,text,false,,690,129,1,1,https://reqres.in/api/users?id=62,424,0,0
1681704118272,408,Get User,404,Not Found,Thread Group 1-1,text,false,,694,129,1,1,https://reqres.in/api/users?id=63,408,0,0
1681704118680,428,Get User,404,Not Found,Thread Group 1-1,text,false,,694,129,1,1,https://reqres.in/api/users?id=64,428,0,0
1681704119108,398,Get User,404,Not Found,Thread Group 1-1,text,false,,696,129,1,1,https://reqres.in/api/users?id=65,398,0,0
1681704119506,413,Get User,404,Not Found,Thread Group 1-1,text,false,,692,129,1,1,https://reqres.in/api/users?id=66,413,0,0
1681704119920,398,Get User,404,Not Found,Thread Group 1-1,text,false,,696,129,1,1,https://reqres.in/api/users?id=67,398,0,0
1681704120323,404,Get User,404,Not Found,Thread Group 1-1,text,false,,690,129,1,1,https://reqres.in/api/users?id=68,404,0,0
1681704120727,393,Get User,404,Not Found,Thread Group 1-1,text,false,,690,129,1,1,https://reqres.in/api/users?id=69,393,0,0
1681704121120,394,Get User,404,Not Found,Thread Group 1-1,text,false,,688,129,1,1,https://reqres.in/api/users?id=70,394,0,0
1681704121515,418,Get User,404,Not Found,Thread Group 1-1,text,false,,696,129,1,1,https://reqres.in/api/users?id=71,418,0,0
1681704121933,397,Get User,404,Not Found,Thread Group 1-1,text,false,,692,129,1,1,https://reqres.in/api/users?id=72,397,0,0
1681704122331,409,Get User,404,Not Found,Thread Group 1-1,text,false,,692,129,1,1,https://reqres.in/api/users?id=73,409,0,0
1681704122740,398,Get User,404,Not Found,Thread Group 1-1,text,false,,698,129,1,1,https://reqres.in/api/users?id=74,398,0,0
1681704123138,402,Get User,404,Not Found,Thread Group 1-1,text,false,,694,129,1,1,https://reqres.in/api/users?id=75,402,0,0
1681704123541,414,Get User,404,Not Found,Thread Group 1-1,text,false,,698,129,1,1,https://reqres.in/api/users?id=76,414,0,0
1681704123956,424,Get User,404,Not Found,Thread Group 1-1,text,false,,694,129,1,1,https://reqres.in/api/users?id=77,424,0,0
1681704124381,398,Get User,404,Not Found,Thread Group 1-1,text,false,,690,129,1,1,https://reqres.in/api/users?id=78,398,0,0
1681704124780,411,Get User,404,Not Found,Thread Group 1-1,text,false,,692,129,1,1,https://reqres.in/api/users?id=79,410,0,0
1681704125191,405,Get User,404,Not Found,Thread Group 1-1,text,false,,690,129,1,1,https://reqres.in/api/users?id=80,405,0,0
1681704125597,712,Get User,404,Not Found,Thread Group 1-1,text,false,,696,129,1,1,https://reqres.in/api/users?id=81,712,0,0
1681704126310,406,Get User,404,Not Found,Thread Group 1-1,text,false,,698,129,1,1,https://reqres.in/api/users?id=82,406,0,0
1681704126716,673,Get User,404,Not Found,Thread Group 1-1,text,false,,694,129,1,1,https://reqres.in/api/users?id=83,673,0,0
1681704127389,405,Get User,404,Not Found,Thread Group 1-1,text,false,,694,129,1,1,https://reqres.in/api/users?id=84,405,0,0
1681704127794,406,Get User,404,Not Found,Thread Group 1-1,text,false,,694,129,1,1,https://reqres.in/api/users?id=85,406,0,0
1681704128200,416,Get User,404,Not Found,Thread Group 1-1,text,false,,690,129,1,1,https://reqres.in/api/users?id=86,416,0,0
1681704128616,406,Get User,404,Not Found,Thread Group 1-1,text,false,,692,129,1,1,https://reqres.in/api/users?id=87,406,0,0
1681704129022,424,Get User,404,Not Found,Thread Group 1-1,text,false,,692,129,1,1,https://reqres.in/api/users?id=88,424,0,0
1681704129446,405,Get User,404,Not Found,Thread Group 1-1,text,false,,692,129,1,1,https://reqres.in/api/users?id=89,405,0,0
1681704129851,395,Get User,404,Not Found,Thread Group 1-1,text,false,,698,129,1,1,https://reqres.in/api/users?id=90,395,0,0
1681704130246,415,Get User,404,Not Found,Thread Group 1-1,text,false,,690,129,1,1,https://reqres.in/api/users?id=91,415,0,0
1681704130661,451,Get User,404,Not Found,Thread Group 1-1,text,false,,690,129,1,1,https://reqres.in/api/users?id=92,451,0,0
1681704131113,403,Get User,404,Not Found,Thread Group 1-1,text,false,,692,129,1,1,https://reqres.in/api/users?id=93,403,0,0
1681704131517,440,Get User,404,Not Found,Thread Group 1-1,text,false,,692,129,1,1,https://reqres.in/api/users?id=94,440,0,0
1681704131957,401,Get User,404,Not Found,Thread Group 1-1,text,false,,698,129,1,1,https://reqres.in/api/users?id=95,400,0,0
1681704132358,425,Get User,404,Not Found,Thread Group 1-1,text,false,,692,129,1,1,https://reqres.in/api/users?id=96,425,0,0
1681704132783,402,Get User,404,Not Found,Thread Group 1-1,text,false,,692,129,1,1,https://reqres.in/api/users?id=97,402,0,0
1681704133186,396,Get User,404,Not Found,Thread Group 1-1,text,false,,698,129,1,1,https://reqres.in/api/users?id=98,396,0,0
1681704133582,406,Get User,404,Not Found,Thread Group 1-1,text,false,,692,129,1,1,https://reqres.in/api/users?id=99,406,0,0
1681704133989,415,Get User,404,Not Found,Thread Group 1-1,text,false,,694,130,1,1,https://reqres.in/api/users?id=100,415,0,0
1681704134404,399,Get User,404,Not Found,Thread Group 1-1,text,false,,694,130,1,1,https://reqres.in/api/users?id=101,399,0,0
1681704134803,406,Get User,404,Not Found,Thread Group 1-1,text,false,,688,130,1,1,https://reqres.in/api/users?id=102,405,0,0
1681704135209,391,Get User,404,Not Found,Thread Group 1-1,text,false,,690,130,1,1,https://reqres.in/api/users?id=103,391,0,0
1681704135600,395,Get User,404,Not Found,Thread Group 1-1,text,false,,696,130,1,1,https://reqres.in/api/users?id=104,395,0,0
1681704135995,390,Get User,404,Not Found,Thread Group 1-1,text,false,,696,130,1,1,https://reqres.in/api/users?id=105,390,0,0
1681704136386,413,Get User,404,Not Found,Thread Group 1-1,text,false,,694,130,1,1,https://reqres.in/api/users?id=106,413,0,0
1681704136799,406,Get User,404,Not Found,Thread Group 1-1,text,false,,698,130,1,1,https://reqres.in/api/users?id=107,406,0,0
1681704137206,403,Get User,404,Not Found,Thread Group 1-1,text,false,,692,130,1,1,https://reqres.in/api/users?id=108,403,0,0
1681704137609,668,Get User,404,Not Found,Thread Group 1-1,text,false,,698,130,1,1,https://reqres.in/api/users?id=109,668,0,0
1681704138278,405,Get User,404,Not Found,Thread Group 1-1,text,false,,696,130,1,1,https://reqres.in/api/users?id=110,404,0,0
1681704138683,423,Get User,404,Not Found,Thread Group 1-1,text,false,,694,130,1,1,https://reqres.in/api/users?id=111,423,0,0
1681704139107,391,Get User,404,Not Found,Thread Group 1-1,text,false,,694,130,1,1,https://reqres.in/api/users?id=112,391,0,0
1681704139499,649,Get User,404,Not Found,Thread Group 1-1,text,false,,696,130,1,1,https://reqres.in/api/users?id=113,649,0,0
1681704140149,395,Get User,404,Not Found,Thread Group 1-1,text,false,,692,130,1,1,https://reqres.in/api/users?id=114,395,0,0
1681704140545,405,Get User,404,Not Found,Thread Group 1-1,text,false,,694,130,1,1,https://reqres.in/api/users?id=115,405,0,0
1681704140950,402,Get User,404,Not Found,Thread Group 1-1,text,false,,690,130,1,1,https://reqres.in/api/users?id=116,402,0,0
1681704141353,402,Get User,404,Not Found,Thread Group 1-1,text,false,,696,130,1,1,https://reqres.in/api/users?id=117,402,0,0
1681704141756,421,Get User,404,Not Found,Thread Group 1-1,text,false,,694,130,1,1,https://reqres.in/api/users?id=118,420,0,0
1681704142177,389,Get User,404,Not Found,Thread Group 1-1,text,false,,694,130,1,1,https://reqres.in/api/users?id=119,389,0,0
1681704142567,408,Get User,404,Not Found,Thread Group 1-1,text,false,,694,130,1,1,https://reqres.in/api/users?id=120,408,0,0
1681704142976,395,Get User,404,Not Found,Thread Group 1-1,text,false,,692,130,1,1,https://reqres.in/api/users?id=121,395,0,0
1681704143372,422,Get User,404,Not Found,Thread Group 1-1,text,false,,690,130,1,1,https://reqres.in/api/users?id=122,422,0,0
1681704143794,401,Get User,404,Not Found,Thread Group 1-1,text,false,,700,130,1,1,https://reqres.in/api/users?id=123,401,0,0
1681704144196,389,Get User,404,Not Found,Thread Group 1-1,text,false,,688,130,1,1,https://reqres.in/api/users?id=124,389,0,0
1681704144585,396,Get User,404,Not Found,Thread Group 1-1,text,false,,690,130,1,1,https://reqres.in/api/users?id=125,396,0,0
1681704144982,392,Get User,404,Not Found,Thread Group 1-1,text,false,,692,130,1,1,https://reqres.in/api/users?id=126,391,0,0
1681704145374,391,Get User,404,Not Found,Thread Group 1-1,text,false,,704,130,1,1,https://reqres.in/api/users?id=127,391,0,0
1681704145766,401,Get User,404,Not Found,Thread Group 1-1,text,false,,696,130,1,1,https://reqres.in/api/users?id=128,400,0,0
1681704146167,647,Get User,404,Not Found,Thread Group 1-1,text,false,,694,130,1,1,https://reqres.in/api/users?id=129,647,0,0
1681704146814,420,Get User,404,Not Found,Thread Group 1-1,text,false,,698,130,1,1,https://reqres.in/api/users?id=130,420,0,0
1681704147234,411,Get User,404,Not Found,Thread Group 1-1,text,false,,694,130,1,1,https://reqres.in/api/users?id=131,411,0,0
1681704147646,655,Get User,404,Not Found,Thread Group 1-1,text,false,,690,130,1,1,https://reqres.in/api/users?id=132,655,0,0
1681704148302,405,Get User,404,Not Found,Thread Group 1-1,text,false,,696,130,1,1,https://reqres.in/api/users?id=133,405,0,0
1681704148707,421,Get User,404,Not Found,Thread Group 1-1,text,false,,692,130,1,1,https://reqres.in/api/users?id=134,421,0,0
1681704149129,414,Get User,404,Not Found,Thread Group 1-1,text,false,,690,130,1,1,https://reqres.in/api/users?id=135,414,0,0
1681704149543,654,Get User,404,Not Found,Thread Group 1-1,text,false,,696,130,1,1,https://reqres.in/api/users?id=136,654,0,0
1681704150200,404,Get User,404,Not Found,Thread Group 1-1,text,false,,696,130,1,1,https://reqres.in/api/users?id=137,404,0,0
1681704150604,409,Get User,404,Not Found,Thread Group 1-1,text,false,,694,130,1,1,https://reqres.in/api/users?id=138,409,0,0
1681704151013,392,Get User,404,Not Found,Thread Group 1-1,text,false,,696,130,1,1,https://reqres.in/api/users?id=139,391,0,0
1681704151405,398,Get User,404,Not Found,Thread Group 1-1,text,false,,690,130,1,1,https://reqres.in/api/users?id=140,398,0,0
1681704151804,411,Get User,404,Not Found,Thread Group 1-1,text,false,,686,130,1,1,https://reqres.in/api/users?id=141,411,0,0
1681704152216,405,Get User,404,Not Found,Thread Group 1-1,text,false,,690,130,1,1,https://reqres.in/api/users?id=142,405,0,0
1681704152621,394,Get User,404,Not Found,Thread Group 1-1,text,false,,692,130,1,1,https://reqres.in/api/users?id=143,394,0,0
1681704153015,405,Get User,404,Not Found,Thread Group 1-1,text,false,,694,130,1,1,https://reqres.in/api/users?id=144,404,0,0
1681704153419,575,Get User,404,Not Found,Thread Group 1-1,text,false,,689,130,1,1,https://reqres.in/api/users?id=145,575,0,183
1681704153995,398,Get User,404,Not Found,Thread Group 1-1,text,false,,687,130,1,1,https://reqres.in/api/users?id=146,397,0,0
1681704154393,409,Get User,404,Not Found,Thread Group 1-1,text,false,,695,130,1,1,https://reqres.in/api/users?id=147,409,0,0
1681704154803,405,Get User,404,Not Found,Thread Group 1-1,text,false,,695,130,1,1,https://reqres.in/api/users?id=148,405,0,0
1681704155208,426,Get User,404,Not Found,Thread Group 1-1,text,false,,687,130,1,1,https://reqres.in/api/users?id=149,425,0,0
1681704155634,409,Get User,404,Not Found,Thread Group 1-1,text,false,,685,130,1,1,https://reqres.in/api/users?id=150,409,0,0
1681704156044,423,Get User,404,Not Found,Thread Group 1-1,text,false,,691,130,1,1,https://reqres.in/api/users?id=151,423,0,0
1681704156467,405,Get User,404,Not Found,Thread Group 1-1,text,false,,701,130,1,1,https://reqres.in/api/users?id=152,405,0,0
1681704156872,405,Get User,404,Not Found,Thread Group 1-1,text,false,,695,130,1,1,https://reqres.in/api/users?id=153,405,0,0
1681704157278,396,Get User,404,Not Found,Thread Group 1-1,text,false,,685,130,1,1,https://reqres.in/api/users?id=154,396,0,0
1681704157674,417,Get User,404,Not Found,Thread Group 1-1,text,false,,687,130,1,1,https://reqres.in/api/users?id=155,417,0,0
1681704158091,416,Get User,404,Not Found,Thread Group 1-1,text,false,,687,130,1,1,https://reqres.in/api/users?id=156,416,0,0
1681704158507,405,Get User,404,Not Found,Thread Group 1-1,text,false,,687,130,1,1,https://reqres.in/api/users?id=157,405,0,0
1681704158912,649,Get User,404,Not Found,Thread Group 1-1,text,false,,685,130,1,1,https://reqres.in/api/users?id=158,649,0,0
1681704159561,403,Get User,404,Not Found,Thread Group 1-1,text,false,,695,130,1,1,https://reqres.in/api/users?id=159,403,0,0
1681704159965,405,Get User,404,Not Found,Thread Group 1-1,text,false,,687,130,1,1,https://reqres.in/api/users?id=160,405,0,0
1681704160371,646,Get User,404,Not Found,Thread Group 1-1,text,false,,697,130,1,1,https://reqres.in/api/users?id=161,646,0,0
1681704161018,394,Get User,404,Not Found,Thread Group 1-1,text,false,,691,130,1,1,https://reqres.in/api/users?id=162,394,0,0
1681704161412,398,Get User,404,Not Found,Thread Group 1-1,text,false,,687,130,1,1,https://reqres.in/api/users?id=163,398,0,0
1681704161810,394,Get User,404,Not Found,Thread Group 1-1,text,false,,693,130,1,1,https://reqres.in/api/users?id=164,394,0,0
1681704162204,399,Get User,404,Not Found,Thread Group 1-1,text,false,,685,130,1,1,https://reqres.in/api/users?id=165,399,0,0
1681704162603,670,Get User,404,Not Found,Thread Group 1-1,text,false,,691,130,1,1,https://reqres.in/api/users?id=166,670,0,0
1681704163274,402,Get User,404,Not Found,Thread Group 1-1,text,false,,697,130,1,1,https://reqres.in/api/users?id=167,402,0,0
1681704163677,417,Get User,404,Not Found,Thread Group 1-1,text,false,,693,130,1,1,https://reqres.in/api/users?id=168,417,0,0
1681704164095,402,Get User,404,Not Found,Thread Group 1-1,text,false,,691,130,1,1,https://reqres.in/api/users?id=169,402,0,0
1681704164497,409,Get User,404,Not Found,Thread Group 1-1,text,false,,689,130,1,1,https://reqres.in/api/users?id=170,409,0,0
1681704164907,394,Get User,404,Not Found,Thread Group 1-1,text,false,,695,130,1,1,https://reqres.in/api/users?id=171,394,0,0
1681704165301,417,Get User,404,Not Found,Thread Group 1-1,text,false,,689,130,1,1,https://reqres.in/api/users?id=172,417,0,0
1681704165719,416,Get User,404,Not Found,Thread Group 1-1,text,false,,691,130,1,1,https://reqres.in/api/users?id=173,416,0,0
1681704166135,434,Get User,404,Not Found,Thread Group 1-1,text,false,,695,130,1,1,https://reqres.in/api/users?id=174,433,0,0
1681704166569,393,Get User,404,Not Found,Thread Group 1-1,text,false,,687,130,1,1,https://reqres.in/api/users?id=175,392,0,0
1681704166962,404,Get User,404,Not Found,Thread Group 1-1,text,false,,693,130,1,1,https://reqres.in/api/users?id=176,404,0,0
1681704167366,400,Get User,404,Not Found,Thread Group 1-1,text,false,,685,130,1,1,https://reqres.in/api/users?id=177,400,0,0
1681704167766,419,Get User,404,Not Found,Thread Group 1-1,text,false,,689,130,1,1,https://reqres.in/api/users?id=178,419,0,0
1681704168185,666,Get User,404,Not Found,Thread Group 1-1,text,false,,689,130,1,1,https://reqres.in/api/users?id=179,666,0,0
1681704168851,393,Get User,404,Not Found,Thread Group 1-1,text,false,,695,130,1,1,https://reqres.in/api/users?id=180,393,0,0
1681704169245,414,Get User,404,Not Found,Thread Group 1-1,text,false,,689,130,1,1,https://reqres.in/api/users?id=181,414,0,0
1681704169659,404,Get User,404,Not Found,Thread Group 1-1,text,false,,689,130,1,1,https://reqres.in/api/users?id=182,404,0,0
1681704170064,642,Get User,404,Not Found,Thread Group 1-1,text,false,,699,130,1,1,https://reqres.in/api/users?id=183,642,0,0
1681704170706,404,Get User,404,Not Found,Thread Group 1-1,text,false,,691,130,1,1,https://reqres.in/api/users?id=184,404,0,0
1681704171110,398,Get User,404,Not Found,Thread Group 1-1,text,false,,695,130,1,1,https://reqres.in/api/users?id=185,398,0,0
1681704171508,393,Get User,404,Not Found,Thread Group 1-1,text,false,,691,130,1,1,https://reqres.in/api/users?id=186,393,0,0
1681704171901,420,Get User,404,Not Found,Thread Group 1-1,text,false,,693,130,1,1,https://reqres.in/api/users?id=187,420,0,0
1681704172322,391,Get User,404,Not Found,Thread Group 1-1,text,false,,685,130,1,1,https://reqres.in/api/users?id=188,391,0,0
1681704172714,398,Get User,404,Not Found,Thread Group 1-1,text,false,,695,130,1,1,https://reqres.in/api/users?id=189,398,0,0
1681704173113,422,Get User,404,Not Found,Thread Group 1-1,text,false,,691,130,1,1,https://reqres.in/api/users?id=190,422,0,0
1681704173535,416,Get User,404,Not Found,Thread Group 1-1,text,false,,689,130,1,1,https://reqres.in/api/users?id=191,416,0,0
1681704173952,415,Get User,404,Not Found,Thread Group 1-1,text,false,,691,130,1,1,https://reqres.in/api/users?id=192,415,0,0
1681704174367,406,Get User,404,Not Found,Thread Group 1-1,text,false,,691,130,1,1,https://reqres.in/api/users?id=193,405,0,0
1681704174773,423,Get User,404,Not Found,Thread Group 1-1,text,false,,695,130,1,1,https://reqres.in/api/users?id=194,423,0,0
1681704175196,408,Get User,404,Not Found,Thread Group 1-1,text,false,,691,130,1,1,https://reqres.in/api/users?id=195,407,0,0
1681704175604,420,Get User,404,Not Found,Thread Group 1-1,text,false,,685,130,1,1,https://reqres.in/api/users?id=196,420,0,0
1681704176025,402,Get User,404,Not Found,Thread Group 1-1,text,false,,689,130,1,1,https://reqres.in/api/users?id=197,402,0,0
1681704176427,639,Get User,404,Not Found,Thread Group 1-1,text,false,,689,130,1,1,https://reqres.in/api/users?id=198,639,0,0
1681704177066,404,Get User,404,Not Found,Thread Group 1-1,text,false,,691,130,1,1,https://reqres.in/api/users?id=199,404,0,0
1681704177471,406,Get User,404,Not Found,Thread Group 1-1,text,false,,685,130,1,1,https://reqres.in/api/users?id=200,406,0,0
1681704177877,399,Get User,404,Not Found,Thread Group 1-1,text,false,,697,130,1,1,https://reqres.in/api/users?id=201,399,0,0
1681704178276,420,Get User,404,Not Found,Thread Group 1-1,text,false,,699,130,1,1,https://reqres.in/api/users?id=202,420,0,0
1681704178696,406,Get User,404,Not Found,Thread Group 1-1,text,false,,689,130,1,1,https://reqres.in/api/users?id=203,406,0,0
1681704179103,402,Get User,404,Not Found,Thread Group 1-1,text,false,,693,130,1,1,https://reqres.in/api/users?id=204,402,0,0
1681704179506,416,Get User,404,Not Found,Thread Group 1-1,text,false,,687,130,1,1,https://reqres.in/api/users?id=205,416,0,0
1681704179922,419,Get User,404,Not Found,Thread Group 1-1,text,false,,693,130,1,1,https://reqres.in/api/users?id=206,419,0,0
1681704180343,416,Get User,404,Not Found,Thread Group 1-1,text,false,,685,130,1,1,https://reqres.in/api/users?id=207,416,0,0
1681704180760,413,Get User,404,Not Found,Thread Group 1-1,text,false,,691,130,1,1,https://reqres.in/api/users?id=208,413,0,0
1681704181174,419,Get User,404,Not Found,Thread Group 1-1,text,false,,693,130,1,1,https://reqres.in/api/users?id=209,419,0,0
1681704181593,394,Get User,404,Not Found,Thread Group 1-1,text,false,,689,130,1,1,https://reqres.in/api/users?id=210,394,0,0
1681704181987,402,Get User,404,Not Found,Thread Group 1-1,text,false,,687,130,1,1,https://reqres.in/api/users?id=211,402,0,0
1681704182389,423,Get User,404,Not Found,Thread Group 1-1,text,false,,691,130,1,1,https://reqres.in/api/users?id=212,423,0,0
1681704182812,401,Get User,404,Not Found,Thread Group 1-1,text,false,,687,130,1,1,https://reqres.in/api/users?id=213,401,0,0
1681704183214,399,Get User,404,Not Found,Thread Group 1-1,text,false,,699,130,1,1,https://reqres.in/api/users?id=214,399,0,0
1681704183612,404,Get User,404,Not Found,Thread Group 1-1,text,false,,693,130,1,1,https://reqres.in/api/users?id=215,403,0,0
1681704184016,391,Get User,404,Not Found,Thread Group 1-1,text,false,,695,130,1,1,https://reqres.in/api/users?id=216,391,0,0
1681704184407,396,Get User,404,Not Found,Thread Group 1-1,text,false,,689,130,1,1,https://reqres.in/api/users?id=217,396,0,0
1681704184803,416,Get User,404,Not Found,Thread Group 1-1,text,false,,689,130,1,1,https://reqres.in/api/users?id=218,415,0,0
1681704185219,409,Get User,404,Not Found,Thread Group 1-1,text,false,,683,130,1,1,https://reqres.in/api/users?id=219,409,0,0
1681704185628,413,Get User,404,Not Found,Thread Group 1-1,text,false,,691,130,1,1,https://reqres.in/api/users?id=220,413,0,0
1681704186041,414,Get User,404,Not Found,Thread Group 1-1,text,false,,687,130,1,1,https://reqres.in/api/users?id=221,414,0,0
1681704186456,406,Get User,404,Not Found,Thread Group 1-1,text,false,,699,130,1,1,https://reqres.in/api/users?id=222,406,0,0
1681704186863,396,Get User,404,Not Found,Thread Group 1-1,text,false,,687,130,1,1,https://reqres.in/api/users?id=223,396,0,0
1681704187259,402,Get User,404,Not Found,Thread Group 1-1,text,false,,689,130,1,1,https://reqres.in/api/users?id=224,402,0,0
1681704187661,395,Get User,404,Not Found,Thread Group 1-1,text,false,,695,130,1,1,https://reqres.in/api/users?id=225,395,0,0
1681704188057,394,Get User,404,Not Found,Thread Group 1-1,text,false,,693,130,1,1,https://reqres.in/api/users?id=226,394,0,0
1681704188452,413,Get User,404,Not Found,Thread Group 1-1,text,false,,691,130,1,1,https://reqres.in/api/users?id=227,413,0,0
1681704188866,411,Get User,404,Not Found,Thread Group 1-1,text,false,,687,130,1,1,https://reqres.in/api/users?id=228,410,0,0
1681704189277,414,Get User,404,Not Found,Thread Group 1-1,text,false,,689,130,1,1,https://reqres.in/api/users?id=229,414,0,0
1681704189691,405,Get User,404,Not Found,Thread Group 1-1,text,false,,693,130,1,1,https://reqres.in/api/users?id=230,405,0,0
1681704190096,657,Get User,404,Not Found,Thread Group 1-1,text,false,,691,130,1,1,https://reqres.in/api/users?id=231,657,0,0
1681704190753,406,Get User,404,Not Found,Thread Group 1-1,text,false,,693,130,1,1,https://reqres.in/api/users?id=232,406,0,0
1681704191159,643,Get User,404,Not Found,Thread Group 1-1,text,false,,695,130,1,1,https://reqres.in/api/users?id=233,643,0,0
1681704191803,407,Get User,404,Not Found,Thread Group 1-1,text,false,,699,130,1,1,https://reqres.in/api/users?id=234,407,0,0
1681704192210,393,Get User,404,Not Found,Thread Group 1-1,text,false,,689,130,1,1,https://reqres.in/api/users?id=235,393,0,0
1681704192604,405,Get User,404,Not Found,Thread Group 1-1,text,false,,693,130,1,1,https://reqres.in/api/users?id=236,405,0,0
1681704193009,402,Get User,404,Not Found,Thread Group 1-1,text,false,,687,130,1,1,https://reqres.in/api/users?id=237,402,0,0
1681704193412,420,Get User,404,Not Found,Thread Group 1-1,text,false,,685,130,1,1,https://reqres.in/api/users?id=238,420,0,0
1681704193833,396,Get User,404,Not Found,Thread Group 1-1,text,false,,691,130,1,1,https://reqres.in/api/users?id=239,396,0,0
1681704194229,425,Get User,404,Not Found,Thread Group 1-1,text,false,,693,130,1,1,https://reqres.in/api/users?id=240,425,0,0
1681704194655,389,Get User,404,Not Found,Thread Group 1-1,text,false,,689,130,1,1,https://reqres.in/api/users?id=241,389,0,0
1681704195044,403,Get User,404,Not Found,Thread Group 1-1,text,false,,689,130,1,1,https://reqres.in/api/users?id=242,403,0,0
1681704195447,392,Get User,404,Not Found,Thread Group 1-1,text,false,,695,130,1,1,https://reqres.in/api/users?id=243,392,0,0
1681704195839,436,Get User,404,Not Found,Thread Group 1-1,text,false,,689,130,1,1,https://reqres.in/api/users?id=244,435,0,0
1681704196275,419,Get User,404,Not Found,Thread Group 1-1,text,false,,689,130,1,1,https://reqres.in/api/users?id=245,419,0,0
1681704196694,399,Get User,404,Not Found,Thread Group 1-1,text,false,,685,130,1,1,https://reqres.in/api/users?id=246,399,0,0
1681704197094,397,Get User,404,Not Found,Thread Group 1-1,text,false,,689,130,1,1,https://reqres.in/api/users?id=247,397,0,0
1681704197492,408,Get User,404,Not Found,Thread Group 1-1,text,false,,689,130,1,1,https://reqres.in/api/users?id=248,408,0,0
1681704197900,419,Get User,404,Not Found,Thread Group 1-1,text,false,,689,130,1,1,https://reqres.in/api/users?id=249,419,0,0
1681704198320,412,Get User,404,Not Found,Thread Group 1-1,text,false,,687,130,1,1,https://reqres.in/api/users?id=250,412,0,0
1681704198731,418,Get User,404,Not Found,Thread Group 1-1,text,false,,689,130,1,1,https://reqres.in/api/users?id=251,418,0,0
1681704199150,642,Get User,404,Not Found,Thread Group 1-1,text,false,,687,130,1,1,https://reqres.in/api/users?id=252,642,0,0
1681704199793,417,Get User,404,Not Found,Thread Group 1-1,text,false,,691,130,1,1,https://reqres.in/api/users?id=253,417,0,0
1681704200210,648,Get User,404,Not Found,Thread Group 1-1,text,false,,685,130,1,1,https://reqres.in/api/users?id=254,647,0,0
1681704200858,404,Get User,404,Not Found,Thread Group 1-1,text,false,,697,130,1,1,https://reqres.in/api/users?id=255,404,0,0
1681704201262,402,Get User,404,Not Found,Thread Group 1-1,text,false,,685,130,1,1,https://reqres.in/api/users?id=256,402,0,0
1681704201665,393,Get User,404,Not Found,Thread Group 1-1,text,false,,687,130,1,1,https://reqres.in/api/users?id=257,393,0,0
1681704202058,395,Get User,404,Not Found,Thread Group 1-1,text,false,,693,130,1,1,https://reqres.in/api/users?id=258,395,0,0
1681704202454,394,Get User,404,Not Found,Thread Group 1-1,text,false,,689,130,1,1,https://reqres.in/api/users?id=259,394,0,0
1681704202849,673,Get User,404,Not Found,Thread Group 1-1,text,false,,691,130,1,1,https://reqres.in/api/users?id=260,673,0,0
1681704203524,392,Get User,404,Not Found,Thread Group 1-1,text,false,,689,130,1,1,https://reqres.in/api/users?id=261,392,0,0
1681704203917,413,Get User,404,Not Found,Thread Group 1-1,text,false,,697,130,1,1,https://reqres.in/api/users?id=262,413,0,0
1681704204330,674,Get User,404,Not Found,Thread Group 1-1,text,false,,687,130,1,1,https://reqres.in/api/users?id=263,674,0,0
1681704205004,395,Get User,404,Not Found,Thread Group 1-1,text,false,,689,130,1,1,https://reqres.in/api/users?id=264,395,0,0
1681704205399,396,Get User,404,Not Found,Thread Group 1-1,text,false,,693,130,1,1,https://reqres.in/api/users?id=265,396,0,0
1681704205795,394,Get User,404,Not Found,Thread Group 1-1,text,false,,691,130,1,1,https://reqres.in/api/users?id=266,393,0,0
1681704206189,407,Get User,404,Not Found,Thread Group 1-1,text,false,,685,130,1,1,https://reqres.in/api/users?id=267,407,0,0
1681704206596,449,Get User,404,Not Found,Thread Group 1-1,text,false,,693,130,1,1,https://reqres.in/api/users?id=268,449,0,0
1681704207045,670,Get User,404,Not Found,Thread Group 1-1,text,false,,689,130,1,1,https://reqres.in/api/users?id=269,670,0,0
1681704207715,401,Get User,404,Not Found,Thread Group 1-1,text,false,,691,130,1,1,https://reqres.in/api/users?id=270,401,0,0
1681704208117,390,Get User,404,Not Found,Thread Group 1-1,text,false,,691,130,1,1,https://reqres.in/api/users?id=271,390,0,0
1681704208506,408,Get User,404,Not Found,Thread Group 1-1,text,false,,691,130,1,1,https://reqres.in/api/users?id=272,408,0,0
1681704208914,680,Get User,404,Not Found,Thread Group 1-1,text,false,,687,130,1,1,https://reqres.in/api/users?id=273,680,0,0
1681704209595,437,Get User,404,Not Found,Thread Group 1-1,text,false,,693,130,1,1,https://reqres.in/api/users?id=274,437,0,0
1681704210036,419,Get User,404,Not Found,Thread Group 1-1,text,false,,689,130,1,1,https://reqres.in/api/users?id=275,419,0,0
1681704210455,405,Get User,404,Not Found,Thread Group 1-1,text,false,,687,130,1,1,https://reqres.in/api/users?id=276,405,0,0
1681704210860,742,Get User,404,Not Found,Thread Group 1-1,text,false,,694,130,1,1,https://reqres.in/api/users?id=277,742,0,0
1681704211602,394,Get User,404,Not Found,Thread Group 1-1,text,false,,692,130,1,1,https://reqres.in/api/users?id=278,394,0,0
1681704211996,395,Get User,404,Not Found,Thread Group 1-1,text,false,,692,130,1,1,https://reqres.in/api/users?id=279,395,0,0
1681704212391,416,Get User,404,Not Found,Thread Group 1-1,text,false,,690,130,1,1,https://reqres.in/api/users?id=280,416,0,0
1681704212807,403,Get User,404,Not Found,Thread Group 1-1,text,false,,696,130,1,1,https://reqres.in/api/users?id=281,403,0,0
1681704213210,398,Get User,404,Not Found,Thread Group 1-1,text,false,,690,130,1,1,https://reqres.in/api/users?id=282,398,0,0
1681704213609,543,Get User,404,Not Found,Thread Group 1-1,text,false,,687,130,1,1,https://reqres.in/api/users?id=283,543,0,153
1681704214153,399,Get User,404,Not Found,Thread Group 1-1,text,false,,687,130,1,1,https://reqres.in/api/users?id=284,399,0,0
1681704214552,401,Get User,404,Not Found,Thread Group 1-1,text,false,,695,130,1,1,https://reqres.in/api/users?id=285,401,0,0
1681704214954,667,Get User,404,Not Found,Thread Group 1-1,text,false,,687,130,1,1,https://reqres.in/api/users?id=286,667,0,0
1681704215621,393,Get User,404,Not Found,Thread Group 1-1,text,false,,699,130,1,1,https://reqres.in/api/users?id=287,393,0,0
1681704216015,638,Get User,404,Not Found,Thread Group 1-1,text,false,,689,130,1,1,https://reqres.in/api/users?id=288,638,0,0
1681704216654,411,Get User,404,Not Found,Thread Group 1-1,text,false,,689,130,1,1,https://reqres.in/api/users?id=289,411,0,0
1681704217065,406,Get User,404,Not Found,Thread Group 1-1,text,false,,697,130,1,1,https://reqres.in/api/users?id=290,406,0,0
1681704217471,396,Get User,404,Not Found,Thread Group 1-1,text,false,,689,130,1,1,https://reqres.in/api/users?id=291,396,0,0
1681704217867,399,Get User,404,Not Found,Thread Group 1-1,text,false,,693,130,1,1,https://reqres.in/api/users?id=292,399,0,0
1681704218267,419,Get User,404,Not Found,Thread Group 1-1,text,false,,689,130,1,1,https://reqres.in/api/users?id=293,419,0,0
1681704218685,406,Get User,404,Not Found,Thread Group 1-1,text,false,,693,130,1,1,https://reqres.in/api/users?id=294,406,0,0
1681704219091,393,Get User,404,Not Found,Thread Group 1-1,text,false,,689,130,1,1,https://reqres.in/api/users?id=295,393,0,0
1681704219485,389,Get User,404,Not Found,Thread Group 1-1,text,false,,691,130,1,1,https://reqres.in/api/users?id=296,389,0,0
1681704219874,403,Get User,404,Not Found,Thread Group 1-1,text,false,,695,130,1,1,https://reqres.in/api/users?id=297,403,0,0
1681704220277,397,Get User,404,Not Found,Thread Group 1-1,text,false,,695,130,1,1,https://reqres.in/api/users?id=298,397,0,0
1681704220674,404,Get User,404,Not Found,Thread Group 1-1,text,false,,691,130,1,1,https://reqres.in/api/users?id=299,404,0,0
1681704221081,52,Get User,200,OK,Thread Group 1-1,text,true,,999,128,1,1,https://reqres.in/api/users?id=1,52,0,0
